"Epic","Feature","Story","FAILED","BROKEN","PASSED","SKIPPED","UNKNOWN"
<<<<<<< HEAD
"TP系统","数据服务模块","数据服务接口","0","0","3","0","0"
"TP系统","算法工具模块","算法工具接口","0","0","5","0","0"
"TP系统","登录模块","登录接口","0","0","6","0","0"
"TP系统","数据元管理模块","数据元管理接口","0","0","3","0","0"
"TP系统","系统管理模块","系统管理接口","0","0","4","0","0"
"TP系统","数据指数模块","数据指数接口","0","0","4","1","0"
"TP系统","数据接口服务模块","数据接口服务接口","0","0","4","0","0"
=======
"TP系统","数据接口服务模块","数据接口服务接口","0","0","4","0","0"
"TP系统","算法工具模块","算法工具接口","0","0","5","0","0"
"TP系统","系统管理模块","系统管理接口","0","0","4","0","0"
"TP系统","数据元管理模块","数据元管理接口","0","0","3","0","0"
"TP系统","数据指数模块","数据指数接口","0","0","4","1","0"
"TP系统","登录模块","登录接口","0","0","6","0","0"
"TP系统","数据服务模块","数据服务接口","0","0","3","0","0"
>>>>>>> 630d4ca57f4a8d7a6290664f08ab4fb3ea44918e
